<?xml version="1.0" encoding="UTF-8"?>
<project-private xmlns="http://www.netbeans.org/ns/project-private/1">
    <editor-bookmarks xmlns="http://www.netbeans.org/ns/editor-bookmarks/2" lastBookmarkId="0"/>
    <open-files xmlns="http://www.netbeans.org/ns/projectui-open-files/2">
        <group>
            <file>file:/C:/Users/thanh/OneDrive/Documents/Caro/src/caro/PanelPicture.java</file>
            <file>file:/C:/Users/thanh/OneDrive/Documents/Caro/src/caro/CaroPresenter.java</file>
            <file>file:/C:/Users/thanh/OneDrive/Documents/Caro/src/caro/CaroView.java</file>
            <file>file:/C:/Users/thanh/OneDrive/Documents/Caro/src/caro/ImageHelper.java</file>
            <file>file:/C:/Users/thanh/OneDrive/Documents/Caro/src/caro/CaroApp.java</file>
            <file>file:/C:/Users/thanh/OneDrive/Documents/Caro/src/caro/CaroWindow.java</file>
        </group>
    </open-files>
</project-private>
